关键词,链接,标题,价格,付款数,发货地,店铺名,最低价,最高价,30天销量
成都量具外径千分尺,https://item.taobao.com/item.htm?id=4616877805&ns=1&abbucket=9#detail,成都百刃量具外径千分尺0-25-50-75-100-125-150-175-200等,106.40,1,浙江 台州,工量刃具经营部,106.40,1456.80,6
成都量具外径千分尺,https://item.taobao.com/item.htm?id=581835895539&ns=1&abbucket=9#detail,成都百刃量具数显/电子外径千分尺0-25/25-50/50-75/75-100,367.20,0,浙江 台州,工量刃具经营部,367.20,578.40,0
成都量具外径千分尺,https://item.taobao.com/item.htm?id=582319260236&ns=1&abbucket=9#detail,成都大阳量具机械外径千分尺 0-25mm外径千分尺 测微器,60.00,0,北京,yanyan1988625828,60.00,81.00,0
成都量具外径千分尺,https://item.taobao.com/item.htm?id=582319204472&ns=1&abbucket=9#detail,成都大阳量具 电子数显外径千分尺0-25mm 螺旋中径测量仪,175.00,0,北京,yanyan1988625828,175.00,352.00,0
成都量具外径千分尺,https://item.taobao.com/item.htm?id=583170900321&ns=1&abbucket=9#detail,㊣正品成量外径千分尺成都量具厂0-25-50-75-100-125-150-175-200,262.50,0,上海,天道全球购,262.50,3355.00,0
成都量具外径千分尺,https://item.taobao.com/item.htm?id=578118676169&ns=1&abbucket=9#detail,㊣正品成量外径千分尺成都量具厂0-25-50-75-100-125-150-175-200,242.80,0,广东 广州,展月商贸部,242.80,2724.40,0
成都量具外径千分尺,https://item.taobao.com/item.htm?id=585453870787&ns=1&abbucket=9#detail,成都大阳量具 电子数显外径千分尺0-25mm 螺旋中径测量仪,346.50,0,浙江 杭州,金锦百货店,346.50,750.24,0
成都量具外径千分尺,https://item.taobao.com/item.htm?id=39317612039&ns=1&abbucket=9#detail,成都量具刃具厂  成量外径千分尺0-25，精度高，使用寿命长,100.00,0,江苏 苏州,海航机电贸易,100.00,100.00,0
成都量具外径千分尺,https://item.taobao.com/item.htm?id=18051373372&ns=1&abbucket=9#detail,㊣正品成量外径千分尺成都量具厂0-25-50-75-100-125-150-175-200,106.40,0,上海,chenwei54252486,106.40,1347.20,0
成都量具外径千分尺,https://item.taobao.com/item.htm?id=585705452060&ns=1&abbucket=9#detail,成量外径千分尺 大型外径千分尺 300-4005001000mm成都量具厂定金,846.00,0,山西 太原,汉刚商城,846.00,2278.00,0
成都量具外径千分尺,https://item.taobao.com/item.htm?id=580145473191&ns=1&abbucket=9#detail,代理外千 成都大阳量具机械千分卡 0-25mm外径千分尺 测微器,58.00,0,广东 东莞,可可爱之牛,58.00,82.00,0
成都量具外径千分尺,https://item.taobao.com/item.htm?id=36597970872&ns=1&abbucket=9#detail,量具 川牌成都成量 外径千分尺 镶合金0-25成量外径千分尺,125.00,0,安徽 合肥,cc888w,125.00,125.00,0
成都量具外径千分尺,https://item.taobao.com/item.htm?id=571610330145&ns=1&abbucket=9#detail,㊣正品成量外径千分尺成都量具厂0-25-50-75-100-125-150-175-200,375.50,0,山东 青岛,tb803704965,375.50,4705.00,0
成都量具外径千分尺,https://item.taobao.com/item.htm?id=583519091122&ns=1&abbucket=9#detail,百千分尺0-25-50-75-100-125-150-175-200等成都外径刃量具,159.60,0,河南 洛阳,whicei,159.60,2185.20,0
成都量具外径千分尺,https://item.taobao.com/item.htm?id=584219173786&ns=1&abbucket=9#detail,成都大阳量具 电子数显外径千分尺0-25mm 螺旋中径测量仪,379.50,0,浙江 杭州,明清风韵啊,379.50,828.10,0
成都量具外径千分尺,https://item.taobao.com/item.htm?id=559888366094&ns=1&abbucket=9#detail,成都量具厂0.01精度镶合金外径千分尺/0-25/25-50/50-75/75-100mm,272.00,0,福建 厦门,布丁小站14,272.00,482.00,0
成都量具外径千分尺,https://item.taobao.com/item.htm?id=577697203632&ns=1&abbucket=9#detail,百刃量具外径千分尺0-25-50-75-100-125-150-175-200等成都,148.96,0,浙江 台州,guozhihua1989,148.96,2039.52,0
成都量具外径千分尺,https://item.taobao.com/item.htm?id=527767796926&ns=1&abbucket=9#detail,原装成都成量川牌量具外径千分尺分厘卡0-25-50-75-100-125-150,91.00,0,浙江 台州,包菜260,91.00,1320.00,0
关键词,链接,标题,价格,付款数,发货地,店铺名,最低价,最高价,30天销量
成都量具外径千分尺,https://item.taobao.com/item.htm?id=4616877805&ns=1&abbucket=18#detail,成都百刃量具外径千分尺0-25-50-75-100-125-150-175-200等,106.40,1,浙江 台州,工量刃具经营部,106.40,1456.80,6
成都量具外径千分尺,https://item.taobao.com/item.htm?id=581835895539&ns=1&abbucket=18#detail,成都百刃量具数显/电子外径千分尺0-25/25-50/50-75/75-100,367.20,0,浙江 台州,工量刃具经营部,367.20,578.40,0
成都量具外径千分尺,https://item.taobao.com/item.htm?id=582319260236&ns=1&abbucket=18#detail,成都大阳量具机械外径千分尺 0-25mm外径千分尺 测微器,60.00,0,北京,yanyan1988625828,60.00,81.00,0
成都量具外径千分尺,https://item.taobao.com/item.htm?id=582319204472&ns=1&abbucket=18#detail,成都大阳量具 电子数显外径千分尺0-25mm 螺旋中径测量仪,175.00,0,北京,yanyan1988625828,175.00,352.00,0
成都量具外径千分尺,https://item.taobao.com/item.htm?id=583170900321&ns=1&abbucket=18#detail,㊣正品成量外径千分尺成都量具厂0-25-50-75-100-125-150-175-200,262.50,0,上海,天道全球购,262.50,3355.00,0
成都量具外径千分尺,https://item.taobao.com/item.htm?id=578118676169&ns=1&abbucket=18#detail,㊣正品成量外径千分尺成都量具厂0-25-50-75-100-125-150-175-200,242.80,0,广东 广州,展月商贸部,242.80,2724.40,0
成都量具外径千分尺,https://item.taobao.com/item.htm?id=585453870787&ns=1&abbucket=18#detail,成都大阳量具 电子数显外径千分尺0-25mm 螺旋中径测量仪,346.50,0,浙江 杭州,金锦百货店,346.50,750.24,0
成都量具外径千分尺,https://item.taobao.com/item.htm?id=39317612039&ns=1&abbucket=18#detail,成都量具刃具厂  成量外径千分尺0-25，精度高，使用寿命长,100.00,0,江苏 苏州,海航机电贸易,100.00,100.00,0
成都量具外径千分尺,https://item.taobao.com/item.htm?id=18051373372&ns=1&abbucket=18#detail,㊣正品成量外径千分尺成都量具厂0-25-50-75-100-125-150-175-200,106.40,0,上海,chenwei54252486,106.40,1347.20,0
成都量具外径千分尺,https://item.taobao.com/item.htm?id=585705452060&ns=1&abbucket=18#detail,成量外径千分尺 大型外径千分尺 300-4005001000mm成都量具厂定金,846.00,0,山西 太原,汉刚商城,846.00,2278.00,0
成都量具外径千分尺,https://item.taobao.com/item.htm?id=580145473191&ns=1&abbucket=18#detail,代理外千 成都大阳量具机械千分卡 0-25mm外径千分尺 测微器,58.00,0,广东 东莞,可可爱之牛,58.00,82.00,0
成都量具外径千分尺,https://item.taobao.com/item.htm?id=36597970872&ns=1&abbucket=18#detail,量具 川牌成都成量 外径千分尺 镶合金0-25成量外径千分尺,125.00,0,安徽 合肥,cc888w,125.00,125.00,0
成都量具外径千分尺,https://item.taobao.com/item.htm?id=571610330145&ns=1&abbucket=18#detail,㊣正品成量外径千分尺成都量具厂0-25-50-75-100-125-150-175-200,375.50,0,山东 青岛,tb803704965,375.50,4705.00,0
成都量具外径千分尺,https://item.taobao.com/item.htm?id=583519091122&ns=1&abbucket=18#detail,百千分尺0-25-50-75-100-125-150-175-200等成都外径刃量具,159.60,0,河南 洛阳,whicei,159.60,2185.20,0
成都量具外径千分尺,https://item.taobao.com/item.htm?id=584219173786&ns=1&abbucket=18#detail,成都大阳量具 电子数显外径千分尺0-25mm 螺旋中径测量仪,379.50,0,浙江 杭州,明清风韵啊,379.50,828.10,0
成都量具外径千分尺,https://item.taobao.com/item.htm?id=559888366094&ns=1&abbucket=18#detail,成都量具厂0.01精度镶合金外径千分尺/0-25/25-50/50-75/75-100mm,272.00,0,福建 厦门,布丁小站14,272.00,482.00,0
成都量具外径千分尺,https://item.taobao.com/item.htm?id=577697203632&ns=1&abbucket=18#detail,百刃量具外径千分尺0-25-50-75-100-125-150-175-200等成都,148.96,0,浙江 台州,guozhihua1989,148.96,2039.52,0
成都量具外径千分尺,https://item.taobao.com/item.htm?id=527767796926&ns=1&abbucket=18#detail,原装成都成量川牌量具外径千分尺分厘卡0-25-50-75-100-125-150,91.00,0,浙江 台州,包菜260,91.00,1320.00,0
关键词,链接,标题,价格,付款数,发货地,店铺名,最低价,最高价,30天销量
成都量具外径千分尺,https://item.taobao.com/item.htm?id=4616877805&ns=1&abbucket=10#detail,成都百刃量具外径千分尺0-25-50-75-100-125-150-175-200等,106.40,1,浙江 台州,工量刃具经营部,106.40,1456.80,6
成都量具外径千分尺,https://item.taobao.com/item.htm?id=581835895539&ns=1&abbucket=10#detail,成都百刃量具数显/电子外径千分尺0-25/25-50/50-75/75-100,367.20,0,浙江 台州,工量刃具经营部,367.20,578.40,0
成都量具外径千分尺,https://item.taobao.com/item.htm?id=582319260236&ns=1&abbucket=10#detail,成都大阳量具机械外径千分尺 0-25mm外径千分尺 测微器,60.00,0,北京,yanyan1988625828,60.00,81.00,0
成都量具外径千分尺,https://item.taobao.com/item.htm?id=582319204472&ns=1&abbucket=10#detail,成都大阳量具 电子数显外径千分尺0-25mm 螺旋中径测量仪,175.00,0,北京,yanyan1988625828,175.00,352.00,0
成都量具外径千分尺,https://item.taobao.com/item.htm?id=583170900321&ns=1&abbucket=10#detail,㊣正品成量外径千分尺成都量具厂0-25-50-75-100-125-150-175-200,262.50,0,上海,天道全球购,262.50,3355.00,0
成都量具外径千分尺,https://item.taobao.com/item.htm?id=578118676169&ns=1&abbucket=10#detail,㊣正品成量外径千分尺成都量具厂0-25-50-75-100-125-150-175-200,242.80,0,广东 广州,展月商贸部,242.80,2724.40,0
成都量具外径千分尺,https://item.taobao.com/item.htm?id=585453870787&ns=1&abbucket=10#detail,成都大阳量具 电子数显外径千分尺0-25mm 螺旋中径测量仪,346.50,0,浙江 杭州,金锦百货店,346.50,750.24,0
成都量具外径千分尺,https://item.taobao.com/item.htm?id=39317612039&ns=1&abbucket=10#detail,成都量具刃具厂  成量外径千分尺0-25，精度高，使用寿命长,100.00,0,江苏 苏州,海航机电贸易,100.00,100.00,0
成都量具外径千分尺,https://item.taobao.com/item.htm?id=18051373372&ns=1&abbucket=10#detail,㊣正品成量外径千分尺成都量具厂0-25-50-75-100-125-150-175-200,106.40,0,上海,chenwei54252486,106.40,1347.20,0
成都量具外径千分尺,https://item.taobao.com/item.htm?id=585705452060&ns=1&abbucket=10#detail,成量外径千分尺 大型外径千分尺 300-4005001000mm成都量具厂定金,846.00,0,山西 太原,汉刚商城,846.00,2278.00,0
成都量具外径千分尺,https://item.taobao.com/item.htm?id=580145473191&ns=1&abbucket=10#detail,代理外千 成都大阳量具机械千分卡 0-25mm外径千分尺 测微器,58.00,0,广东 东莞,可可爱之牛,58.00,82.00,0
成都量具外径千分尺,https://item.taobao.com/item.htm?id=36597970872&ns=1&abbucket=10#detail,量具 川牌成都成量 外径千分尺 镶合金0-25成量外径千分尺,125.00,0,安徽 合肥,cc888w,125.00,125.00,0
成都量具外径千分尺,https://item.taobao.com/item.htm?id=571610330145&ns=1&abbucket=10#detail,㊣正品成量外径千分尺成都量具厂0-25-50-75-100-125-150-175-200,375.50,0,山东 青岛,tb803704965,375.50,4705.00,0
成都量具外径千分尺,https://item.taobao.com/item.htm?id=583519091122&ns=1&abbucket=10#detail,百千分尺0-25-50-75-100-125-150-175-200等成都外径刃量具,159.60,0,河南 洛阳,whicei,159.60,2185.20,0
成都量具外径千分尺,https://item.taobao.com/item.htm?id=584219173786&ns=1&abbucket=10#detail,成都大阳量具 电子数显外径千分尺0-25mm 螺旋中径测量仪,379.50,0,浙江 杭州,明清风韵啊,379.50,828.10,0
成都量具外径千分尺,https://item.taobao.com/item.htm?id=559888366094&ns=1&abbucket=10#detail,成都量具厂0.01精度镶合金外径千分尺/0-25/25-50/50-75/75-100mm,272.00,0,福建 厦门,布丁小站14,272.00,482.00,0
成都量具外径千分尺,https://item.taobao.com/item.htm?id=577697203632&ns=1&abbucket=10#detail,百刃量具外径千分尺0-25-50-75-100-125-150-175-200等成都,148.96,0,浙江 台州,guozhihua1989,148.96,2039.52,0
成都量具外径千分尺,https://item.taobao.com/item.htm?id=527767796926&ns=1&abbucket=10#detail,原装成都成量川牌量具外径千分尺分厘卡0-25-50-75-100-125-150,91.00,0,浙江 台州,包菜260,91.00,1320.00,0
关键词,链接,标题,价格,付款数,发货地,店铺名,最低价,最高价,30天销量
成都量具外径千分尺,https://item.taobao.com/item.htm?id=4616877805&ns=1&abbucket=7#detail,成都百刃量具外径千分尺0-25-50-75-100-125-150-175-200等,106.40,1,浙江 台州,工量刃具经营部,106.40,1456.80,6
成都量具外径千分尺,https://item.taobao.com/item.htm?id=581835895539&ns=1&abbucket=7#detail,成都百刃量具数显/电子外径千分尺0-25/25-50/50-75/75-100,367.20,0,浙江 台州,工量刃具经营部,367.20,578.40,0
成都量具外径千分尺,https://item.taobao.com/item.htm?id=582319260236&ns=1&abbucket=7#detail,成都大阳量具机械外径千分尺 0-25mm外径千分尺 测微器,60.00,0,北京,yanyan1988625828,60.00,81.00,0
成都量具外径千分尺,https://item.taobao.com/item.htm?id=582319204472&ns=1&abbucket=7#detail,成都大阳量具 电子数显外径千分尺0-25mm 螺旋中径测量仪,175.00,0,北京,yanyan1988625828,175.00,352.00,0
成都量具外径千分尺,https://item.taobao.com/item.htm?id=583170900321&ns=1&abbucket=7#detail,㊣正品成量外径千分尺成都量具厂0-25-50-75-100-125-150-175-200,262.50,0,上海,天道全球购,262.50,3355.00,0
成都量具外径千分尺,https://item.taobao.com/item.htm?id=578118676169&ns=1&abbucket=7#detail,㊣正品成量外径千分尺成都量具厂0-25-50-75-100-125-150-175-200,242.80,0,广东 广州,展月商贸部,242.80,2724.40,0
成都量具外径千分尺,https://item.taobao.com/item.htm?id=585453870787&ns=1&abbucket=7#detail,成都大阳量具 电子数显外径千分尺0-25mm 螺旋中径测量仪,346.50,0,浙江 杭州,金锦百货店,346.50,750.24,0
成都量具外径千分尺,https://item.taobao.com/item.htm?id=39317612039&ns=1&abbucket=7#detail,成都量具刃具厂  成量外径千分尺0-25，精度高，使用寿命长,100.00,0,江苏 苏州,海航机电贸易,100.00,100.00,0
成都量具外径千分尺,https://item.taobao.com/item.htm?id=18051373372&ns=1&abbucket=7#detail,㊣正品成量外径千分尺成都量具厂0-25-50-75-100-125-150-175-200,106.40,0,上海,chenwei54252486,106.40,1347.20,0
成都量具外径千分尺,https://item.taobao.com/item.htm?id=585705452060&ns=1&abbucket=7#detail,成量外径千分尺 大型外径千分尺 300-4005001000mm成都量具厂定金,846.00,0,山西 太原,汉刚商城,846.00,2278.00,0
成都量具外径千分尺,https://item.taobao.com/item.htm?id=580145473191&ns=1&abbucket=7#detail,代理外千 成都大阳量具机械千分卡 0-25mm外径千分尺 测微器,58.00,0,广东 东莞,可可爱之牛,58.00,82.00,0
成都量具外径千分尺,https://item.taobao.com/item.htm?id=36597970872&ns=1&abbucket=7#detail,量具 川牌成都成量 外径千分尺 镶合金0-25成量外径千分尺,125.00,0,安徽 合肥,cc888w,125.00,125.00,0
成都量具外径千分尺,https://item.taobao.com/item.htm?id=571610330145&ns=1&abbucket=7#detail,㊣正品成量外径千分尺成都量具厂0-25-50-75-100-125-150-175-200,375.50,0,山东 青岛,tb803704965,375.50,4705.00,0
成都量具外径千分尺,https://item.taobao.com/item.htm?id=583519091122&ns=1&abbucket=7#detail,百千分尺0-25-50-75-100-125-150-175-200等成都外径刃量具,159.60,0,河南 洛阳,whicei,159.60,2185.20,0
成都量具外径千分尺,https://item.taobao.com/item.htm?id=584219173786&ns=1&abbucket=7#detail,成都大阳量具 电子数显外径千分尺0-25mm 螺旋中径测量仪,379.50,0,浙江 杭州,明清风韵啊,379.50,828.10,0
成都量具外径千分尺,https://item.taobao.com/item.htm?id=559888366094&ns=1&abbucket=7#detail,成都量具厂0.01精度镶合金外径千分尺/0-25/25-50/50-75/75-100mm,272.00,0,福建 厦门,布丁小站14,272.00,482.00,0
成都量具外径千分尺,https://item.taobao.com/item.htm?id=577697203632&ns=1&abbucket=7#detail,百刃量具外径千分尺0-25-50-75-100-125-150-175-200等成都,148.96,0,浙江 台州,guozhihua1989,148.96,2039.52,0
成都量具外径千分尺,https://item.taobao.com/item.htm?id=527767796926&ns=1&abbucket=7#detail,原装成都成量川牌量具外径千分尺分厘卡0-25-50-75-100-125-150,91.00,0,浙江 台州,包菜260,91.00,1320.00,0
关键词,链接,标题,价格,付款数,发货地,店铺名,最低价,最高价,30天销量
